員編,姓名,年齡,現職公司,現職單位/職位,職等,職稱,集團年資,部門年資,學經歷,前職經歷
000001,陳金龍,34,永豐銀行,法令遵循處,6,副理,7,3,清華大學會計系,-
000002,莊慧玲,31,永豐銀行,法令遵循處,5,副理,7,4,政治大學企業管理系；淡江大學管理學院碩士班,-
000003,陳玉蘭,30,永豐銀行,法令遵循處,6,副理,4,1,中央大學資訊管理系；中央大學管理學院碩士班,中信銀行副理（3年）
000004,黃秀珍,41,永豐銀行,法令遵循處,6,副理,9,8,中山大學會計系,-
000005,黃月英,36,永豐銀行,法令遵循處,5,副理,8,4,交通大學會計系,-
000006,黃家宏,38,永豐銀行,法令遵循處,7,經理,9,6,中興大學資訊管理系,-
000007,陳勝雄,30,永豐銀行,法令遵循處,6,副理,4,2,中山大學資訊管理系,-
000008,李秀英,31,永豐銀行,法令遵循處,3,專員,4,1,中央大學風險管理與保險系；交通大學高階經營管理碩士班(EMBA),-
000009,李美惠,31,永豐銀行,法令遵循處,6,副理,5,4,清華大學企業管理系,-
000010,沈明宏,33,永豐銀行,法令遵循處,4,專員,4,4,清華大學國際企業系,-
