員編,年度,考績等第,考績評語,表現敘述
000001,2023,甲上,"陳金龍於本考核年度能主動發掘流程中的風險並提出改善建議,能有效協調跨部門資源。惟簡報與文件呈現的精簡度有待加強。建議持續保持目前表現,維持穩定貢獻。後續仍會持續追蹤其成長幅度。在壓力下仍能維持穩定的產出品質。","陳金龍（62）該員本年度表現穩定,對數字敏感度佳,報表產出準確度高、能主動發掘流程中的風險並提出改善建議；但跨部門溝通的主動性可以再加強。建議持續保持目前表現,維持穩定貢獻。對專案推進展現高度主動性。在既有職掌範圍內均能如期完成交辦事項。面對臨時交辦任務應變能力強。"
000001,2024,甲,"陳金龍於本考核年度對客戶/內部需求回應速度快,對專案推進展現高度主動性。惟授權與培養下屬的意識可以更積極。建議列入後續晉升評估名單觀察。在壓力下仍能維持穩定的產出品質。能有效協調跨部門資源。在法規遵循細節上掌握度高。","陳金龍（59）該員本年度表現符合基本要求,對客戶/內部需求回應速度快、在法規遵循細節上掌握度高；但跨部門溝通的主動性可以再加強。建議持續保持目前表現,維持穩定貢獻。整體而言對團隊貢獻穩定,值得肯定。溝通表達清晰,能快速取得共識。面對臨時交辦任務應變能力強。對部門整體績效有實質貢獻。"
000001,2025,甲上,"陳金龍於本考核年度能有效協調跨部門資源,溝通表達清晰,能快速取得共識。惟跨部門溝通的主動性可以再加強。建議持續在現職累積歷練,並給予更大範圍的專案磨練。團隊合作意願高,樂於協助同仁。對專案推進展現高度主動性。","陳金龍（76）該員本年度表現穩定,能有效協調跨部門資源、對客戶/內部需求回應速度快；但跨部門溝通的主動性可以再加強。建議列入後續晉升評估名單觀察。與跨部門協作時展現一定的專業度。在壓力下仍能維持穩定的產出品質。對數字敏感度佳,報表產出準確度高。整體而言對團隊貢獻穩定,值得肯定。"
000002,2023,甲上,"莊慧玲於本考核年度面對臨時交辦任務應變能力強,能主動發掘流程中的風險並提出改善建議。惟簡報與文件呈現的精簡度有待加強。建議持續保持目前表現,維持穩定貢獻。在既有職掌範圍內均能如期完成交辦事項。對專案推進展現高度主動性。","莊慧玲（89）該員本年度表現穩定,團隊合作意願高,樂於協助同仁、在法規遵循細節上掌握度高；但簡報與文件呈現的精簡度有待加強。建議安排進階管理課程以強化領導能力。面對臨時交辦任務應變能力強。在壓力下仍能維持穩定的產出品質。對數字敏感度佳,報表產出準確度高。能有效協調跨部門資源。"
000002,2024,優,"莊慧玲於本考核年度團隊合作意願高,樂於協助同仁,在壓力下仍能維持穩定的產出品質。惟跨部門溝通的主動性可以再加強。建議持續保持目前表現,維持穩定貢獻。對專案推進展現高度主動性。在法規遵循細節上掌握度高。","莊慧玲（64）該員本年度表現良好,溝通表達清晰,能快速取得共識、對數字敏感度佳,報表產出準確度高；但跨部門溝通的主動性可以再加強。建議持續在現職累積歷練,並給予更大範圍的專案磨練。後續仍會持續追蹤其成長幅度。在既有職掌範圍內均能如期完成交辦事項。整體而言對團隊貢獻穩定,值得肯定。"
000002,2025,甲,"莊慧玲於本考核年度能有效協調跨部門資源,在壓力下仍能維持穩定的產出品質。惟面對模糊不確定的任務時,決策速度偏慢。建議安排進階管理課程以強化領導能力。團隊合作意願高,樂於協助同仁。在法規遵循細節上掌握度高。","莊慧玲（97）該員本年度表現符合基本要求,面對臨時交辦任務應變能力強、溝通表達清晰,能快速取得共識；但對新系統/新制度的熟悉速度稍慢。建議持續保持目前表現,維持穩定貢獻。在法規遵循細節上掌握度高。與跨部門協作時展現一定的專業度。在既有職掌範圍內均能如期完成交辦事項。"
000003,2023,優,"陳玉蘭於本考核年度對數字敏感度佳,報表產出準確度高,在法規遵循細節上掌握度高。惟對新系統/新制度的熟悉速度稍慢。建議持續在現職累積歷練,並給予更大範圍的專案磨練。面對臨時交辦任務應變能力強。團隊合作意願高,樂於協助同仁。","陳玉蘭（97）該員本年度表現良好,能有效協調跨部門資源、在法規遵循細節上掌握度高；但對新系統/新制度的熟悉速度稍慢。建議持續在現職累積歷練,並給予更大範圍的專案磨練。溝通表達清晰,能快速取得共識。在既有職掌範圍內均能如期完成交辦事項。整體而言對團隊貢獻穩定,值得肯定。"
000003,2024,甲,"陳玉蘭於本考核年度對專案推進展現高度主動性,能有效協調跨部門資源。惟面對模糊不確定的任務時,決策速度偏慢。建議持續保持目前表現,維持穩定貢獻。能主動發掘流程中的風險並提出改善建議。在法規遵循細節上掌握度高。","陳玉蘭（62）該員本年度表現符合基本要求,能有效協調跨部門資源、在法規遵循細節上掌握度高；但授權與培養下屬的意識可以更積極。建議持續在現職累積歷練,並給予更大範圍的專案磨練。團隊合作意願高,樂於協助同仁。後續仍會持續追蹤其成長幅度。整體而言對團隊貢獻穩定,值得肯定。"
000003,2025,甲上,"陳玉蘭於本考核年度面對臨時交辦任務應變能力強,對客戶/內部需求回應速度快。惟簡報與文件呈現的精簡度有待加強。建議於下年度加強時間規劃與跨部門協作訓練。在既有職掌範圍內均能如期完成交辦事項。在法規遵循細節上掌握度高。","陳玉蘭（72）該員本年度表現穩定,在法規遵循細節上掌握度高、能有效協調跨部門資源；但簡報與文件呈現的精簡度有待加強。建議持續在現職累積歷練,並給予更大範圍的專案磨練。在壓力下仍能維持穩定的產出品質。面對臨時交辦任務應變能力強。在既有職掌範圍內均能如期完成交辦事項。"
000004,2023,優,"黃秀珍於本考核年度能有效協調跨部門資源,對數字敏感度佳,報表產出準確度高。惟對新系統/新制度的熟悉速度稍慢。建議於下年度加強時間規劃與跨部門協作訓練。對客戶/內部需求回應速度快。與跨部門協作時展現一定的專業度。","黃秀珍（93）該員本年度表現良好,能主動發掘流程中的風險並提出改善建議、面對臨時交辦任務應變能力強；但面對模糊不確定的任務時,決策速度偏慢。建議列入後續晉升評估名單觀察。對客戶/內部需求回應速度快。後續仍會持續追蹤其成長幅度。整體而言對團隊貢獻穩定,值得肯定。"
000004,2024,優,"黃秀珍於本考核年度面對臨時交辦任務應變能力強,在壓力下仍能維持穩定的產出品質。惟面對模糊不確定的任務時,決策速度偏慢。建議持續在現職累積歷練,並給予更大範圍的專案磨練。在既有職掌範圍內均能如期完成交辦事項。","黃秀珍（97）該員本年度表現良好,能主動發掘流程中的風險並提出改善建議、在法規遵循細節上掌握度高；但授權與培養下屬的意識可以更積極。建議於下年度加強時間規劃與跨部門協作訓練。面對臨時交辦任務應變能力強。對客戶/內部需求回應速度快。整體而言對團隊貢獻穩定,值得肯定。"
000004,2025,優,"黃秀珍於本考核年度團隊合作意願高,樂於協助同仁,在法規遵循細節上掌握度高。惟面對模糊不確定的任務時,決策速度偏慢。建議持續在現職累積歷練,並給予更大範圍的專案磨練。面對臨時交辦任務應變能力強。整體而言對團隊貢獻穩定,值得肯定。","黃秀珍（56）該員本年度表現良好,對專案推進展現高度主動性、溝通表達清晰,能快速取得共識；但簡報與文件呈現的精簡度有待加強。建議於下年度加強時間規劃與跨部門協作訓練。對部門整體績效有實質貢獻。在法規遵循細節上掌握度高。在壓力下仍能維持穩定的產出品質。對客戶/內部需求回應速度快。"
000005,2023,甲,"黃月英於本考核年度能有效協調跨部門資源,能主動發掘流程中的風險並提出改善建議。惟跨部門溝通的主動性可以再加強。建議安排進階管理課程以強化領導能力。對部門整體績效有實質貢獻。在既有職掌範圍內均能如期完成交辦事項。","黃月英（83）該員本年度表現符合基本要求,在壓力下仍能維持穩定的產出品質、對客戶/內部需求回應速度快；但簡報與文件呈現的精簡度有待加強。建議於下年度加強時間規劃與跨部門協作訓練。團隊合作意願高,樂於協助同仁。在法規遵循細節上掌握度高。對部門整體績效有實質貢獻。"
000005,2024,優,"黃月英於本考核年度能有效協調跨部門資源,對數字敏感度佳,報表產出準確度高。惟跨部門溝通的主動性可以再加強。建議列入後續晉升評估名單觀察。團隊合作意願高,樂於協助同仁。對部門整體績效有實質貢獻。整體而言對團隊貢獻穩定,值得肯定。","黃月英（81）該員本年度表現良好,面對臨時交辦任務應變能力強、對客戶/內部需求回應速度快；但簡報與文件呈現的精簡度有待加強。建議持續保持目前表現,維持穩定貢獻。對專案推進展現高度主動性。溝通表達清晰,能快速取得共識。團隊合作意願高,樂於協助同仁。與跨部門協作時展現一定的專業度。"
000005,2025,甲上,"黃月英於本考核年度對客戶/內部需求回應速度快,溝通表達清晰,能快速取得共識。惟簡報與文件呈現的精簡度有待加強。建議安排進階管理課程以強化領導能力。面對臨時交辦任務應變能力強。團隊合作意願高,樂於協助同仁。","黃月英（94）該員本年度表現穩定,對客戶/內部需求回應速度快、對專案推進展現高度主動性；但簡報與文件呈現的精簡度有待加強。建議於下年度加強時間規劃與跨部門協作訓練。後續仍會持續追蹤其成長幅度。與跨部門協作時展現一定的專業度。能有效協調跨部門資源。在法規遵循細節上掌握度高。"
000006,2023,優,"黃家宏於本考核年度面對臨時交辦任務應變能力強,能主動發掘流程中的風險並提出改善建議。惟對新系統/新制度的熟悉速度稍慢。建議持續保持目前表現,維持穩定貢獻。對數字敏感度佳,報表產出準確度高。能有效協調跨部門資源。","黃家宏（67）該員本年度表現良好,對專案推進展現高度主動性、在法規遵循細節上掌握度高；但跨部門溝通的主動性可以再加強。建議安排進階管理課程以強化領導能力。在壓力下仍能維持穩定的產出品質。與跨部門協作時展現一定的專業度。溝通表達清晰,能快速取得共識。後續仍會持續追蹤其成長幅度。"
000006,2024,甲上,"黃家宏於本考核年度對數字敏感度佳,報表產出準確度高,能有效協調跨部門資源。惟授權與培養下屬的意識可以更積極。建議持續在現職累積歷練,並給予更大範圍的專案磨練。能主動發掘流程中的風險並提出改善建議。後續仍會持續追蹤其成長幅度。","黃家宏（98）該員本年度表現穩定,在壓力下仍能維持穩定的產出品質、能有效協調跨部門資源；但授權與培養下屬的意識可以更積極。建議持續在現職累積歷練,並給予更大範圍的專案磨練。能主動發掘流程中的風險並提出改善建議。整體而言對團隊貢獻穩定,值得肯定。團隊合作意願高,樂於協助同仁。"
000006,2025,甲上,"黃家宏於本考核年度在法規遵循細節上掌握度高,能主動發掘流程中的風險並提出改善建議。惟跨部門溝通的主動性可以再加強。建議於下年度加強時間規劃與跨部門協作訓練。與跨部門協作時展現一定的專業度。面對臨時交辦任務應變能力強。","黃家宏（60）該員本年度表現穩定,對數字敏感度佳,報表產出準確度高、團隊合作意願高,樂於協助同仁；但跨部門溝通的主動性可以再加強。建議持續保持目前表現,維持穩定貢獻。後續仍會持續追蹤其成長幅度。對部門整體績效有實質貢獻。與跨部門協作時展現一定的專業度。對客戶/內部需求回應速度快。"
000007,2023,甲,"陳勝雄於本考核年度面對臨時交辦任務應變能力強,對數字敏感度佳,報表產出準確度高。惟授權與培養下屬的意識可以更積極。建議列入後續晉升評估名單觀察。整體而言對團隊貢獻穩定,值得肯定。對專案推進展現高度主動性。","陳勝雄（96）該員本年度表現符合基本要求,團隊合作意願高,樂於協助同仁、在壓力下仍能維持穩定的產出品質；但在時間管理上仍有進步空間。建議持續在現職累積歷練,並給予更大範圍的專案磨練。對數字敏感度佳,報表產出準確度高。溝通表達清晰,能快速取得共識。能主動發掘流程中的風險並提出改善建議。"
000007,2024,甲上,"陳勝雄於本考核年度團隊合作意願高,樂於協助同仁,對數字敏感度佳,報表產出準確度高。惟對新系統/新制度的熟悉速度稍慢。建議列入後續晉升評估名單觀察。溝通表達清晰,能快速取得共識。能有效協調跨部門資源。對部門整體績效有實質貢獻。","陳勝雄（61）該員本年度表現穩定,溝通表達清晰,能快速取得共識、對數字敏感度佳,報表產出準確度高；但跨部門溝通的主動性可以再加強。建議列入後續晉升評估名單觀察。在法規遵循細節上掌握度高。能主動發掘流程中的風險並提出改善建議。對專案推進展現高度主動性。整體而言對團隊貢獻穩定,值得肯定。"
000007,2025,甲上,"陳勝雄於本考核年度團隊合作意願高,樂於協助同仁,能有效協調跨部門資源。惟在時間管理上仍有進步空間。建議於下年度加強時間規劃與跨部門協作訓練。面對臨時交辦任務應變能力強。在壓力下仍能維持穩定的產出品質。","陳勝雄（86）該員本年度表現穩定,能有效協調跨部門資源、對專案推進展現高度主動性；但跨部門溝通的主動性可以再加強。建議安排進階管理課程以強化領導能力。對部門整體績效有實質貢獻。後續仍會持續追蹤其成長幅度。能主動發掘流程中的風險並提出改善建議。溝通表達清晰,能快速取得共識。"
000008,2023,甲上,"李秀英於本考核年度團隊合作意願高,樂於協助同仁,對數字敏感度佳,報表產出準確度高。惟授權與培養下屬的意識可以更積極。建議持續保持目前表現,維持穩定貢獻。面對臨時交辦任務應變能力強。後續仍會持續追蹤其成長幅度。","李秀英（66）該員本年度表現穩定,對客戶/內部需求回應速度快、能有效協調跨部門資源；但跨部門溝通的主動性可以再加強。建議持續在現職累積歷練,並給予更大範圍的專案磨練。團隊合作意願高,樂於協助同仁。在壓力下仍能維持穩定的產出品質。後續仍會持續追蹤其成長幅度。在既有職掌範圍內均能如期完成交辦事項。"
000008,2024,甲,"李秀英於本考核年度在壓力下仍能維持穩定的產出品質,溝通表達清晰,能快速取得共識。惟簡報與文件呈現的精簡度有待加強。建議持續在現職累積歷練,並給予更大範圍的專案磨練。整體而言對團隊貢獻穩定,值得肯定。對數字敏感度佳,報表產出準確度高。","李秀英（83）該員本年度表現符合基本要求,能有效協調跨部門資源、團隊合作意願高,樂於協助同仁；但面對模糊不確定的任務時,決策速度偏慢。建議列入後續晉升評估名單觀察。在既有職掌範圍內均能如期完成交辦事項。對客戶/內部需求回應速度快。面對臨時交辦任務應變能力強。整體而言對團隊貢獻穩定,值得肯定。"
000008,2025,甲上,"李秀英於本考核年度對專案推進展現高度主動性,能有效協調跨部門資源。惟跨部門溝通的主動性可以再加強。建議於下年度加強時間規劃與跨部門協作訓練。後續仍會持續追蹤其成長幅度。在法規遵循細節上掌握度高。與跨部門協作時展現一定的專業度。","李秀英（95）該員本年度表現穩定,團隊合作意願高,樂於協助同仁、能有效協調跨部門資源；但簡報與文件呈現的精簡度有待加強。建議列入後續晉升評估名單觀察。對客戶/內部需求回應速度快。能主動發掘流程中的風險並提出改善建議。在既有職掌範圍內均能如期完成交辦事項。在法規遵循細節上掌握度高。"
000009,2023,甲,"李美惠於本考核年度團隊合作意願高,樂於協助同仁,能有效協調跨部門資源。惟對新系統/新制度的熟悉速度稍慢。建議列入後續晉升評估名單觀察。能主動發掘流程中的風險並提出改善建議。在法規遵循細節上掌握度高。對客戶/內部需求回應速度快。","李美惠（95）該員本年度表現符合基本要求,團隊合作意願高,樂於協助同仁、對專案推進展現高度主動性；但跨部門溝通的主動性可以再加強。建議列入後續晉升評估名單觀察。整體而言對團隊貢獻穩定,值得肯定。溝通表達清晰,能快速取得共識。面對臨時交辦任務應變能力強。在壓力下仍能維持穩定的產出品質。"
000009,2024,特優,"李美惠於本考核年度能主動發掘流程中的風險並提出改善建議,能有效協調跨部門資源。惟跨部門溝通的主動性可以再加強。建議持續在現職累積歷練,並給予更大範圍的專案磨練。在壓力下仍能維持穩定的產出品質。在法規遵循細節上掌握度高。","李美惠（70）該員本年度整體表現優異,團隊合作意願高,樂於協助同仁、對客戶/內部需求回應速度快；但跨部門溝通的主動性可以再加強。建議持續保持目前表現,維持穩定貢獻。溝通表達清晰,能快速取得共識。後續仍會持續追蹤其成長幅度。整體而言對團隊貢獻穩定,值得肯定。在法規遵循細節上掌握度高。"
000009,2025,甲上,"李美惠於本考核年度在壓力下仍能維持穩定的產出品質,團隊合作意願高,樂於協助同仁。惟跨部門溝通的主動性可以再加強。建議持續保持目前表現,維持穩定貢獻。整體而言對團隊貢獻穩定,值得肯定。對客戶/內部需求回應速度快。","李美惠（69）該員本年度表現穩定,能主動發掘流程中的風險並提出改善建議、對專案推進展現高度主動性；但對新系統/新制度的熟悉速度稍慢。建議持續保持目前表現,維持穩定貢獻。在既有職掌範圍內均能如期完成交辦事項。對客戶/內部需求回應速度快。對部門整體績效有實質貢獻。"
000010,2023,優,"沈明宏於本考核年度團隊合作意願高,樂於協助同仁,對專案推進展現高度主動性。惟面對模糊不確定的任務時,決策速度偏慢。建議安排進階管理課程以強化領導能力。對客戶/內部需求回應速度快。與跨部門協作時展現一定的專業度。","沈明宏（75）該員本年度表現良好,團隊合作意願高,樂於協助同仁、對客戶/內部需求回應速度快；但在時間管理上仍有進步空間。建議於下年度加強時間規劃與跨部門協作訓練。能有效協調跨部門資源。溝通表達清晰,能快速取得共識。與跨部門協作時展現一定的專業度。對數字敏感度佳,報表產出準確度高。"
000010,2024,甲,"沈明宏於本考核年度對專案推進展現高度主動性,面對臨時交辦任務應變能力強。惟在時間管理上仍有進步空間。建議列入後續晉升評估名單觀察。團隊合作意願高,樂於協助同仁。對部門整體績效有實質貢獻。對客戶/內部需求回應速度快。","沈明宏（94）該員本年度表現符合基本要求,能主動發掘流程中的風險並提出改善建議、溝通表達清晰,能快速取得共識；但簡報與文件呈現的精簡度有待加強。建議於下年度加強時間規劃與跨部門協作訓練。在法規遵循細節上掌握度高。對數字敏感度佳,報表產出準確度高。在壓力下仍能維持穩定的產出品質。"
000010,2025,特優,"沈明宏於本考核年度面對臨時交辦任務應變能力強,對數字敏感度佳,報表產出準確度高。惟面對模糊不確定的任務時,決策速度偏慢。建議持續保持目前表現,維持穩定貢獻。在既有職掌範圍內均能如期完成交辦事項。能主動發掘流程中的風險並提出改善建議。","沈明宏（91）該員本年度整體表現優異,對數字敏感度佳,報表產出準確度高、在壓力下仍能維持穩定的產出品質；但在時間管理上仍有進步空間。建議持續保持目前表現,維持穩定貢獻。面對臨時交辦任務應變能力強。對專案推進展現高度主動性。後續仍會持續追蹤其成長幅度。在既有職掌範圍內均能如期完成交辦事項。"
