員編,年度,個人自評,同儕平均,部屬平均,他評平均,自評與他評差異
000001,2023,8.4,8.6,,8.6,0.2
000001,2024,8.7,8.8,,8.8,0.1
000001,2025,9.0,9.1,,9.1,0.1
000002,2023,9.2,9.2,,9.2,0.0
000002,2024,7.4,7.0,,7.0,-0.4
000002,2025,8.2,8.5,,8.5,0.3
000003,2023,6.8,6.0,,6.0,-0.8
000003,2024,8.7,7.6,,7.6,-1.1
000003,2025,6.9,6.7,,6.7,-0.2
000004,2023,9.4,9.0,,9.0,-0.4
000004,2024,9.2,9.6,,9.6,0.4
000004,2025,7.3,7.9,,7.9,0.6
000005,2023,7.9,8.4,,8.4,0.5
000005,2024,8.7,8.0,,8.0,-0.7
000005,2025,6.8,7.7,,7.7,0.9
000006,2023,6.9,7.8,7.8,7.8,0.9
000006,2024,8.7,9.6,9.8,9.7,1.0
000006,2025,8.9,8.3,9.6,8.9,0.0
000007,2023,6.5,6.3,,6.3,-0.2
000007,2024,7.9,8.1,,8.1,0.2
000007,2025,8.5,8.5,,8.5,0.0
000008,2023,9.0,9.9,,9.9,0.9
000008,2024,6.8,5.9,,5.9,-0.9
000008,2025,6.6,7.3,,7.3,0.7
000009,2023,8.2,9.0,,9.0,0.8
000009,2024,7.2,5.9,,5.9,-1.3
000009,2025,9.0,9.8,,9.8,0.8
000010,2023,7.4,6.9,,6.9,-0.5
000010,2024,6.9,7.8,,7.8,0.9
000010,2025,7.4,7.1,,7.1,-0.3
