員編,日期,異動原因,公司,部門,職等,職稱,工作性質
000001,2018-12-01,到職,玉山銀行,法務處,3,專員,專業人員
000001,2020-06-01,內部輪調,永豐銀行,投資銀行處,4,專員,專業人員
000001,2022-01-01,職務調整,永豐銀行,法令遵循處,6,副理,專業人員
000002,2018-07-01,初任,永豐銀行,風險管理處,2,工讀,一般行員
000002,2020-01-01,內部輪調,永豐銀行,授信管理處,4,專員,一般行員
000002,2022-01-01,職務調整,永豐銀行,法令遵循處,5,副理,專業人員
000003,2021-06-01,到職,國泰世華銀行,授信管理處,4,專員,一般行員
000003,2023-06-01,升等,永豐銀行,法令遵循處,6,副理,專業人員
000004,2016-07-01,初任,永豐銀行,資訊處,2,工讀,一般行員
000004,2018-06-01,升等,永豐銀行,資訊處,3,專員,一般行員
000004,2020-06-01,職務調整,永豐銀行,法令遵循處,5,副理,專業人員
000004,2022-01-01,升等,永豐銀行,法令遵循處,6,副理,專業人員
000005,2017-12-01,初任,永豐銀行,企業金融處,2,工讀,一般行員
000005,2019-06-01,職務調整,永豐銀行,國際業務處,3,專員,專業人員
000005,2021-01-01,升等,永豐銀行,法令遵循處,5,副理,法遵主管
000006,2016-12-01,初任,永豐銀行,法務處,3,專員,一般行員
000006,2018-07-01,職務調整,永豐銀行,人力資源處,4,專員,一般行員
000006,2020-07-01,內部輪調,永豐銀行,法務處,6,副理,法遵主管
000006,2022-01-01,職務調整,永豐銀行,法令遵循處,7,經理,高級專業人員
000007,2021-12-01,初任,永豐銀行,數位金融處,4,專員,專業人員
000007,2023-12-01,職務調整,永豐銀行,法令遵循處,6,副理,法遵主管
000008,2021-07-01,初任,永豐銀行,資訊處,1,工讀,一般行員
000008,2023-01-01,升等,永豐銀行,法令遵循處,3,專員,專業人員
000009,2020-06-01,到職,兆豐銀行,通路業務處,4,專員,一般行員
000009,2022-01-01,內部輪調,永豐銀行,法令遵循處,6,副理,法遵主管
000010,2021-07-01,初任,永豐銀行,稽核處,2,工讀,一般行員
000010,2023-06-01,升等,永豐銀行,法令遵循處,4,專員,一般行員
